{
    "CamL": {
        "resolution": {
            "width": 1280,
            "height": 800
        },
        "fx": 905.5750122070312,
        "fy": 905.1023559570312,
        "cx": 631.549560546875,
        "cy": 414.1308898925781,
        "intrinsic_matrix": [
            [
                905.5750122070312,
                0.0,
                631.549560546875
            ],
            [
                0.0,
                905.1023559570312,
                414.1308898925781
            ],
            [
                0.0,
                0.0,
                1.0
            ]
        ],
        "distortion_coefficients": [
            -1.5991389751434326,
            -1.6446216106414795,
            -0.0010238022077828646,
            -0.00013425534416455775,
            2.8686115741729736,
            -1.6235407590866089,
            -1.5768078565597534,
            2.820852279663086,
            0.0,
            0.0,
            0.0,
            0.0,
            0.0,
            0.0
        ]
    },
    "CamR": {
        "resolution": {
            "width": 1280,
            "height": 800
        },
        "fx": 906.1626586914062,
        "fy": 905.4525756835938,
        "cx": 644.569580078125,
        "cy": 445.4605712890625,
        "intrinsic_matrix": [
            [
                906.1626586914062,
                0.0,
                644.569580078125
            ],
            [
                0.0,
                905.4525756835938,
                445.4605712890625
            ],
            [
                0.0,
                0.0,
                1.0
            ]
        ],
        "distortion_coefficients": [
            -0.393329381942749,
            -4.252291679382324,
            -0.0014040342066437006,
            0.0026436944026499987,
            4.226035118103027,
            -0.4298681914806366,
            -4.156813621520996,
            4.163210391998291,
            0.0,
            0.0,
            0.0,
            0.0,
            0.0,
            0.0
        ]
    }
}