{
    "CamL": {
        "resolution": {
            "width": 640,
            "height": 480
        },
        "fx": 452.7875061035156,
        "fy": 452.5511779785156,
        "cx": 315.7747802734375,
        "cy": 247.06544494628906,
        "intrinsic_matrix": [
            [
                452.7875061035156,
                0.0,
                315.7747802734375
            ],
            [
                0.0,
                452.5511779785156,
                247.06544494628906
            ],
            [
                0.0,
                0.0,
                1.0
            ]
        ],
        "distortion_coefficients": [
            -1.5991389751434326,
            -1.6446216106414795,
            -0.0010238022077828646,
            -0.00013425534416455775,
            2.8686115741729736,
            -1.6235407590866089,
            -1.5768078565597534,
            2.820852279663086,
            0.0,
            0.0,
            0.0,
            0.0,
            0.0,
            0.0
        ]
    },
    "CamR": {
        "resolution": {
            "width": 640,
            "height": 480
        },
        "fx": 453.0813293457031,
        "fy": 452.7262878417969,
        "cx": 322.2847900390625,
        "cy": 262.73028564453125,
        "intrinsic_matrix": [
            [
                453.0813293457031,
                0.0,
                322.2847900390625
            ],
            [
                0.0,
                452.7262878417969,
                262.73028564453125
            ],
            [
                0.0,
                0.0,
                1.0
            ]
        ],
        "distortion_coefficients": [
            -0.393329381942749,
            -4.252291679382324,
            -0.0014040342066437006,
            0.0026436944026499987,
            4.226035118103027,
            -0.4298681914806366,
            -4.156813621520996,
            4.163210391998291,
            0.0,
            0.0,
            0.0,
            0.0,
            0.0,
            0.0
        ]
    }
}