{
    "gyro_bias": {
        "x": -2.9143664122137367,
        "y": 2.2031832061068726,
        "z": -2.6853435114503807
    },
    "accel_bias": {
        "x": 0.00945947265625,
        "y": -0.02834326171875,
        "z": 0.240433837890625
    }
}